{"num_warps": 4, "num_stages": 3, "ctime": {"ttir": 1676212152.830021, "ttgir": 1676212152.8340209, "llir": 1676212152.8460207, "ptx": 1676212152.8900206, "cubin": 1676212153.0060198}, "shared": 0, "name": "add_kernel_0d1d2d3d"}